Question,Answer,Accuracy
"How do the varying rates of horizontal plate motion (e.g., 1–10 cm/yr) and the mechanical properties of the underlying weaker shell (e.g., asthenosphere) collectively influence the distribution and magnitude of stress accumulation at different types of plate boundaries (convergent, divergent, transform), and what implications does this have for the spatial and temporal patterns of seismic and volcanic activity?","- Stress accumulation and boundary type:
  - Convergent boundaries: Slower motion (1–5 cm/yr) enhances prolonged stress buildup due to compressional forces, leading to high-magnitude earthquakes (e.g., megathrust events) and explosive volcanism. The weaker underlying shell (asthenosphere) allows subducting plates to sink, localizing stress at the interface.
  - Divergent boundaries: Faster motion (5–10 cm/yr) reduces stress concentration by spreading deformation over broader zones, resulting in frequent but lower-magnitude seismicity and effusive volcanic activity (e.g., mid-ocean ridges). The asthenosphere’s low strength facilitates magma upwelling.
  - Transform boundaries: Lateral slip at variable rates (1–10 cm/yr) causes shallow, high-stress accumulation where plates lock; sudden releases trigger moderate-to-large earthquakes (e.g., strike-slip faults). The asthenosphere’s ductility limits deep stress propagation.

- Role of the asthenosphere:
  - Acts as a lubricating layer, accommodating differential plate motion and modulating stress transfer. Its lower viscosity permits gradual deformation, reducing abrupt stress drops in some settings (e.g., slow-spreading ridges) but focusing strain at locked boundary segments (e.g., subduction zones).

- Spatial-temporal patterns of hazards:
  - Seismic activity: Higher rates (5–10 cm/yr) correlate with more frequent but varied-magnitude earthquakes (e.g., Pacific Ring of Fire). Slower rates (1–5 cm/yr) may delay releases, increasing potential for catastrophic events (e.g., Himalayan collisions).
  - Volcanic activity: Divergent boundaries with faster motion exhibit persistent, low-intensity eruptions, while convergent boundaries with slower motion and thicker overriding plates (e.g., continental arcs) foster explosive, intermittent volcanism due to prolonged magma differentiation.

- Implications of mechanical coupling:
  - Strong coupling (resistance to slip) at boundaries overlying stiffer asthenosphere regions (e.g., older subducting slabs) intensifies stress accumulation, elevating seismic/volcanic risk. Weak coupling (e.g., young, buoyant crust) distributes strain aseismically, reducing hazard potential.",951
How might the historical emphasis in European and American geography on areal differentiation and societal exploitation of resources—rather than on the processes underlying regional distinctiveness—have contributed to the contemporary decline in regionally specialized expertise within the discipline?,"- Descriptive over analytical focus: Early geography prioritized mapping and describing spatial variations (e.g., agriculture, industry) rather than explaining how or why regions formed, limiting deeper theoretical engagement that could sustain long-term regional expertise.

- Utilitarian legacy: The emphasis on resource exploitation aligned with colonial/industrial needs (e.g., trade patterns, land use), but as these priorities waned, so did the perceived relevance of region-specific knowledge in modern academic or policy contexts.

- Neglect of dynamic processes: By treating regions as static ""containers"" of activities rather than products of evolving social, economic, or environmental processes, the field struggled to adapt to globalized, interconnected systems where rigid areal boundaries hold less explanatory power.

- Shift in disciplinary values: Contemporary geography often favors thematic (e.g., climate change, urbanization) or methodological (e.g., GIS, critical theory) specializations over regional expertise, reflecting a move away from the discipline’s traditional areal-differentiation framework.

- Decline in institutional support: As regional geography’s descriptive approach lost perceived rigor or applicability, universities reduced funding for area-studies programs, further discouraging new scholars from adopting regional specializations.",951
"How did the subtropical to tropical paleolatitudinal position of Laurussia during the deposition of the Old Red Sandstone (ORS) influence the sedimentary facies, paleoclimate proxies, and tectono-stratigraphic evolution of these Devonian successions in the Brecon Beacons, and what distinguishing characteristics might these factors impart compared to contemporaneous ORS deposits in more temperate or arid settings?","- Sedimentary facies:
  Subtropical to tropical paleolatitudes promoted redbed deposition (hematite-coated quartz grains) due to intense chemical weathering under warm, oxidizing conditions, alongside fluvial and alluvial fan systems with coarse-grained sandstones, conglomerates, and mudstones—reflecting seasonal rainfall and episodic high-energy flows.

- Paleoclimate proxies:
  Evidence includes calcrete/paleosol horizons (indicating arid intervals within a seasonally wet climate), abundant plant fossils (early vascular land plants adapted to warm conditions), and lack of glacial deposits, contrasting with higher-latitude ORS successions that may show cooler or more humid signatures (e.g., finer-grained sediments, coal seams).

- Tectono-stratigraphic evolution:
  The post-Caledonian extensional setting of Laurussia, combined with tropical weathering, enhanced rapid sediment supply from uplifted source areas (e.g., eroded Caledonian mountains), filling basins with thick, immature clastic sequences; this differs from temperate ORS deposits, which may exhibit slower subsidence rates or marine influences (e.g., Scotland’s marginal basins).

- Distinguishing characteristics vs. temperate/arid ORS:
  - Color and mineralogy: Vivid red pigmentation (hematite) dominates, unlike gray/green reduction-colored temperate facies.
  - Fossil assemblages: Fish and plant fossils reflect warm, oxygenated freshwater environments, whereas temperate settings may preserve more diverse marine or cold-adapted biota.
  - Stratigraphic architecture: Thick, amalgamated channel bodies and sheetflood deposits suggest flashy discharge regimes, contrasting with finer-grained, better-sorted temperate alluvial systems.

- Comparison limitation:
  The context does not detail specific temperate/arid ORS analogs (e.g., Scottish vs. Welsh basins), so direct lithological or paleoclimatic contrasts are inferred from general tropical vs. non-tropical sedimentary trends.",951
